{
  "dataset": "MuSiQue",
  "split": "dev",
  "seed": 42,
  "num_queries": 1000,
  "num_passages": 5,
  "recall@1": 0.22366666666666737,
  "recall@2": 0.3705833333333328,
  "recall@5": 0.7393333333333327,
  "recall@10": 0.8751666666666661,
  "F1": 0.5042490981240985,
  "EM": 0.424,
  "avg_index_latency": 132.92091344247945,
  "avg_retrieval_latency": 52.56808198483288,
  "avg_qa_latency": null,
  "total_runtime": 185502.98496826272
}