{
  "dataset": "MuSiQue",
  "split": "dev",
  "seed": 19741010,
  "num_queries": 1000,
  "num_passages": 5,
  "recall@1": 0.22783333333333394,
  "recall@2": 0.36933333333333285,
  "recall@5": 0.7430833333333338,
  "recall@10": 0.8809166666666662,
  "F1": 0.49339933122433166,
  "EM": 0.405,
  "avg_index_latency": 135.755159515379,
  "avg_retrieval_latency": 52.87016879533138,
  "avg_qa_latency": null,
  "total_runtime": 188639.64502344653
}