{
  "dataset": "MuSiQue",
  "split": "dev",
  "seed": 20030112,
  "num_queries": 1000,
  "num_passages": 5,
  "recall@1": 0.22116666666666715,
  "recall@2": 0.36949999999999955,
  "recall@5": 0.7289999999999995,
  "recall@10": 0.8791666666666659,
  "F1": 0.4870293095793097,
  "EM": 0.408,
  "avg_index_latency": 134.3131969199069,
  "avg_retrieval_latency": 52.24920947062503,
  "avg_qa_latency": null,
  "total_runtime": 186576.599597672
}