{
  "full": {
    "metrics": [
      {
        "variant": "holorag",
        "num_queries": 200,
        "F1": 0.6187976190476191,
        "EM": 0.53,
        "qa_failures": 0,
        "index_latency": 43.36807403457351,
        "retrieval_latency": 10.862708851552451,
        "qa_latency": 1.1633844186225906,
        "retrieval_pipeline_latency": 10.862708851552451,
        "retrieval_qa_latency": 12.037825658176443,
        "query_runtime": 2427.2124716669787,
        "shared_index_runtime": 8673.614806914702,
        "total_runtime": 11100.82727858168,
        "final_evidence_tokens": 713.905,
        "final_evidence_tokenizer": "hf_tokenizer",
        "avg_num_fact_evidence": 3.57,
        "avg_num_sentence_evidence": 7.705,
        "avg_num_chunk_evidence": 3.99,
        "avg_limit_fact_evidence": 8.0,
        "avg_limit_sentence_evidence": 8.0,
        "avg_limit_chunk_evidence": 4.0,
        "avg_final_evidence_tokens": 713.905,
        "index_pool": "shared",
        "nodes": 1043.74,
        "entity_nodes": 745.095,
        "fact_nodes": 1032.805,
        "sentence_nodes": 270.96,
        "chunk_nodes": 27.685,
        "edges": 4765.36,
        "edge_entity_relation": 817.285,
        "edge_entity_sentence": 2628.59,
        "edge_entity_similarity": 299.04522613065325,
        "edge_sentence_chunk": 541.92,
        "edge_sentence_sequence": 486.55
      }
    ]
  },
  "wo_granularity_awareness": {
    "metrics": [
      {
        "variant": "holorag",
        "num_queries": 200,
        "F1": 0.6289960317460319,
        "EM": 0.535,
        "qa_failures": 0,
        "index_latency": 43.36807403457351,
        "retrieval_latency": 11.101439773153396,
        "qa_latency": 1.3759106477029854,
        "retrieval_pipeline_latency": 11.101439773153396,
        "retrieval_qa_latency": 12.489061013653409,
        "query_runtime": 2510.4520627830643,
        "shared_index_runtime": 8673.614806914702,
        "total_runtime": 11184.066869697766,
        "final_evidence_tokens": 976.21,
        "final_evidence_tokenizer": "hf_tokenizer",
        "avg_num_fact_evidence": 3.57,
        "avg_num_sentence_evidence": 6.85,
        "avg_num_chunk_evidence": 5.855,
        "avg_limit_fact_evidence": 7.0,
        "avg_limit_sentence_evidence": 7.0,
        "avg_limit_chunk_evidence": 6.0,
        "avg_final_evidence_tokens": 976.21,
        "index_pool": "shared",
        "nodes": 1043.74,
        "entity_nodes": 745.095,
        "fact_nodes": 1032.805,
        "sentence_nodes": 270.96,
        "chunk_nodes": 27.685,
        "edges": 4765.36,
        "edge_entity_relation": 817.285,
        "edge_entity_sentence": 2628.59,
        "edge_entity_similarity": 299.04522613065325,
        "edge_sentence_chunk": 541.92,
        "edge_sentence_sequence": 486.55
      }
    ]
  },
  "wo_graph_propagation": {
    "metrics": [
      {
        "variant": "holorag",
        "num_queries": 200,
        "F1": 0.6160693277310924,
        "EM": 0.515,
        "qa_failures": 0,
        "index_latency": 43.36807403457351,
        "retrieval_latency": 10.821278861134779,
        "qa_latency": 1.129378427111078,
        "retrieval_pipeline_latency": 10.821278861134779,
        "retrieval_qa_latency": 11.960116206450039,
        "query_runtime": 2404.9387434839737,
        "shared_index_runtime": 8673.614806914702,
        "total_runtime": 11078.553550398676,
        "final_evidence_tokens": 696.365,
        "final_evidence_tokenizer": "hf_tokenizer",
        "avg_num_fact_evidence": 3.575,
        "avg_num_sentence_evidence": 7.725,
        "avg_num_chunk_evidence": 3.89,
        "avg_limit_fact_evidence": 8.0,
        "avg_limit_sentence_evidence": 8.0,
        "avg_limit_chunk_evidence": 4.0,
        "avg_final_evidence_tokens": 696.365,
        "index_pool": "shared",
        "nodes": 1043.74,
        "entity_nodes": 745.095,
        "fact_nodes": 1032.805,
        "sentence_nodes": 270.96,
        "chunk_nodes": 27.685,
        "edges": 4765.36,
        "edge_entity_relation": 817.285,
        "edge_entity_sentence": 2628.59,
        "edge_entity_similarity": 299.04522613065325,
        "edge_sentence_chunk": 541.92,
        "edge_sentence_sequence": 486.55
      }
    ]
  },
  "wo_sentence_layer": {
    "metrics": [
      {
        "variant": "holorag",
        "num_queries": 200,
        "F1": 0.6913452380952383,
        "EM": 0.585,
        "qa_failures": 0,
        "index_latency": 38.888959686375166,
        "retrieval_latency": 11.237898721701931,
        "qa_latency": 1.5703530614596093,
        "retrieval_pipeline_latency": 11.237898721701931,
        "retrieval_qa_latency": 12.830242995970766,
        "query_runtime": 2575.537539359997,
        "shared_index_runtime": 7777.791937275033,
        "total_runtime": 10353.32947663503,
        "final_evidence_tokens": 1341.29,
        "final_evidence_tokenizer": "hf_tokenizer",
        "avg_num_fact_evidence": 3.57,
        "avg_num_sentence_evidence": 0.0,
        "avg_num_chunk_evidence": 8.595,
        "avg_limit_fact_evidence": 10.0,
        "avg_limit_sentence_evidence": 0.0,
        "avg_limit_chunk_evidence": 10.0,
        "avg_final_evidence_tokens": 1341.29,
        "index_pool": "shared",
        "nodes": 772.78,
        "entity_nodes": 745.095,
        "fact_nodes": 1032.805,
        "sentence_nodes": 0.0,
        "chunk_nodes": 27.685,
        "edges": 3366.27,
        "edge_entity_chunk": 2257.97,
        "edge_entity_relation": 817.285,
        "edge_entity_similarity": 299.04522613065325
      }
    ]
  },
  "wo_sentence_layer_strict": {
    "metrics": [
      {
        "variant": "holorag",
        "num_queries": 200,
        "F1": 0.6212261904761907,
        "EM": 0.54,
        "qa_failures": 0,
        "index_latency": 38.888959686375166,
        "retrieval_latency": 10.49198204586457,
        "qa_latency": 0.9485604634403717,
        "retrieval_pipeline_latency": 10.49198204586457,
        "retrieval_qa_latency": 11.467222764206817,
        "query_runtime": 2305.42123724299,
        "shared_index_runtime": 7777.791937275033,
        "total_runtime": 10083.213174518023,
        "final_evidence_tokens": 535.12,
        "final_evidence_tokenizer": "hf_tokenizer",
        "avg_num_fact_evidence": 3.575,
        "avg_num_sentence_evidence": 0.0,
        "avg_num_chunk_evidence": 3.99,
        "avg_limit_fact_evidence": 8.0,
        "avg_limit_sentence_evidence": 0.0,
        "avg_limit_chunk_evidence": 4.0,
        "avg_final_evidence_tokens": 535.12,
        "index_pool": "shared",
        "nodes": 772.78,
        "entity_nodes": 745.095,
        "fact_nodes": 1032.805,
        "sentence_nodes": 0.0,
        "chunk_nodes": 27.685,
        "edges": 3366.27,
        "edge_entity_chunk": 2257.97,
        "edge_entity_relation": 817.285,
        "edge_entity_similarity": 299.04522613065325
      }
    ]
  }
}
