{
  "full": {
    "metrics": [
      {
        "variant": "holorag",
        "num_queries": 200,
        "F1": 0.4811431691115902,
        "EM": 0.37,
        "qa_failures": 0,
        "index_latency": 88.79417655508034,
        "retrieval_latency": 11.663461560700672,
        "qa_latency": 1.1388410243747058,
        "retrieval_pipeline_latency": 11.663461560700672,
        "retrieval_qa_latency": 12.817637833356857,
        "query_runtime": 2598.9155550500145,
        "shared_index_runtime": 17758.835311016068,
        "total_runtime": 20357.750866066082,
        "final_evidence_tokens": 730.075,
        "final_evidence_tokenizer": "hf_tokenizer",
        "avg_num_fact_evidence": 3.635,
        "avg_num_sentence_evidence": 7.21,
        "avg_num_chunk_evidence": 3.925,
        "avg_limit_fact_evidence": 8.0,
        "avg_limit_sentence_evidence": 8.0,
        "avg_limit_chunk_evidence": 4.0,
        "avg_final_evidence_tokens": 730.075,
        "index_pool": "shared",
        "nodes": 2018.47,
        "entity_nodes": 1335.41,
        "fact_nodes": 2199.915,
        "sentence_nodes": 622.9,
        "chunk_nodes": 60.16,
        "edges": 10051.025,
        "edge_entity_relation": 1652.21,
        "edge_entity_sentence": 5338.84,
        "edge_entity_similarity": 703.29,
        "edge_sentence_chunk": 1245.8,
        "edge_sentence_sequence": 1125.48
      }
    ]
  },
  "wo_granularity_awareness": {
    "metrics": [
      {
        "variant": "holorag",
        "num_queries": 200,
        "F1": 0.46628442437224765,
        "EM": 0.35,
        "qa_failures": 0,
        "index_latency": 88.79417655508034,
        "retrieval_latency": 11.794523731371156,
        "qa_latency": 1.3314411071076757,
        "retrieval_pipeline_latency": 11.794523731371156,
        "retrieval_qa_latency": 13.142228150958545,
        "query_runtime": 2652.4959538569674,
        "shared_index_runtime": 17758.835311016068,
        "total_runtime": 20411.331264873035,
        "final_evidence_tokens": 991.635,
        "final_evidence_tokenizer": "hf_tokenizer",
        "avg_num_fact_evidence": 3.625,
        "avg_num_sentence_evidence": 6.565,
        "avg_num_chunk_evidence": 5.54,
        "avg_limit_fact_evidence": 7.0,
        "avg_limit_sentence_evidence": 7.0,
        "avg_limit_chunk_evidence": 6.0,
        "avg_final_evidence_tokens": 991.635,
        "index_pool": "shared",
        "nodes": 2018.47,
        "entity_nodes": 1335.41,
        "fact_nodes": 2199.915,
        "sentence_nodes": 622.9,
        "chunk_nodes": 60.16,
        "edges": 10051.025,
        "edge_entity_relation": 1652.21,
        "edge_entity_sentence": 5338.84,
        "edge_entity_similarity": 703.29,
        "edge_sentence_chunk": 1245.8,
        "edge_sentence_sequence": 1125.48
      }
    ]
  },
  "wo_graph_propagation": {
    "metrics": [
      {
        "variant": "holorag",
        "num_queries": 200,
        "F1": 0.46712390913180385,
        "EM": 0.355,
        "qa_failures": 0,
        "index_latency": 88.79417655508034,
        "retrieval_latency": 11.461012037547189,
        "qa_latency": 1.141157568124472,
        "retrieval_pipeline_latency": 11.461012037547189,
        "retrieval_qa_latency": 12.613629596437677,
        "query_runtime": 2546.699350532959,
        "shared_index_runtime": 17758.835311016068,
        "total_runtime": 20305.534661549027,
        "final_evidence_tokens": 696.08,
        "final_evidence_tokenizer": "hf_tokenizer",
        "avg_num_fact_evidence": 3.645,
        "avg_num_sentence_evidence": 7.285,
        "avg_num_chunk_evidence": 3.695,
        "avg_limit_fact_evidence": 8.0,
        "avg_limit_sentence_evidence": 8.0,
        "avg_limit_chunk_evidence": 4.0,
        "avg_final_evidence_tokens": 696.08,
        "index_pool": "shared",
        "nodes": 2018.47,
        "entity_nodes": 1335.41,
        "fact_nodes": 2199.915,
        "sentence_nodes": 622.9,
        "chunk_nodes": 60.16,
        "edges": 10051.025,
        "edge_entity_relation": 1652.21,
        "edge_entity_sentence": 5338.84,
        "edge_entity_similarity": 703.29,
        "edge_sentence_chunk": 1245.8,
        "edge_sentence_sequence": 1125.48
      }
    ]
  },
  "wo_sentence_layer": {
    "metrics": [
      {
        "variant": "holorag",
        "num_queries": 200,
        "F1": 0.4759263978958002,
        "EM": 0.375,
        "qa_failures": 0,
        "index_latency": 69.41561890574667,
        "retrieval_latency": 12.007778825426358,
        "qa_latency": 1.477304193493328,
        "retrieval_pipeline_latency": 12.007778825426358,
        "retrieval_qa_latency": 13.527437864030944,
        "query_runtime": 2723.3908475999488,
        "shared_index_runtime": 13883.123781149334,
        "total_runtime": 16606.514628749283,
        "final_evidence_tokens": 1172.89,
        "final_evidence_tokenizer": "hf_tokenizer",
        "avg_num_fact_evidence": 3.625,
        "avg_num_sentence_evidence": 0.0,
        "avg_num_chunk_evidence": 6.97,
        "avg_limit_fact_evidence": 10.0,
        "avg_limit_sentence_evidence": 0.0,
        "avg_limit_chunk_evidence": 10.0,
        "avg_final_evidence_tokens": 1172.89,
        "index_pool": "shared",
        "nodes": 1395.57,
        "entity_nodes": 1335.41,
        "fact_nodes": 2199.915,
        "sentence_nodes": 0.0,
        "chunk_nodes": 60.16,
        "edges": 6885.705,
        "edge_entity_chunk": 4544.8,
        "edge_entity_relation": 1652.21,
        "edge_entity_similarity": 703.29
      }
    ]
  },
  "wo_sentence_layer_strict": {
    "metrics": [
      {
        "variant": "holorag",
        "num_queries": 200,
        "F1": 0.42310039056979276,
        "EM": 0.335,
        "qa_failures": 0,
        "index_latency": 69.41561890574667,
        "retrieval_latency": 11.133759223340313,
        "qa_latency": 0.9556309043231885,
        "retrieval_pipeline_latency": 11.133759223340313,
        "retrieval_qa_latency": 12.157263001167449,
        "query_runtime": 2451.96793544502,
        "shared_index_runtime": 13883.123781149334,
        "total_runtime": 16335.091716594354,
        "final_evidence_tokens": 557.765,
        "final_evidence_tokenizer": "hf_tokenizer",
        "avg_num_fact_evidence": 3.63,
        "avg_num_sentence_evidence": 0.0,
        "avg_num_chunk_evidence": 3.945,
        "avg_limit_fact_evidence": 8.0,
        "avg_limit_sentence_evidence": 0.0,
        "avg_limit_chunk_evidence": 4.0,
        "avg_final_evidence_tokens": 557.765,
        "index_pool": "shared",
        "nodes": 1395.57,
        "entity_nodes": 1335.41,
        "fact_nodes": 2199.915,
        "sentence_nodes": 0.0,
        "chunk_nodes": 60.16,
        "edges": 6885.705,
        "edge_entity_chunk": 4544.8,
        "edge_entity_relation": 1652.21,
        "edge_entity_similarity": 703.29
      }
    ]
  }
}
